<?xml version="1.0" encoding="UTF-8" ?>
<!DOCTYPE configuration
  PUBLIC "-//mybatis.org//DTD Config 3.0//EN"
  "http://mybatis.org/dtd/mybatis-3-config.dtd">
<configuration>

  <properties resource="db.properties">
    <property name="logName" value="LOG4J"/>
    <!--  测试属性覆盖  -->
    <property name="username" value="daphnis"/>
  </properties>

  <settings>
    <setting name="logImpl" value="${logName}"/>
    <setting name="mapUnderscoreToCamelCase" value="true"/>
  </settings>

  <typeAliases>
    <package name="com.daphnis.mybatis.entity"/>
  </typeAliases>

  <plugins>
    <!-- 分页插件 -->
    <plugin interceptor="com.daphnis.mybatis.plugin.PagePlugin">
      <property name="dialect" value="mysql"/>
      <property name="pageSqlId" value=".*ListPage.*"/>
    </plugin>
  </plugins>

  <environments default="development">
    <environment id="development">
      <transactionManager type="JDBC"></transactionManager>
      <dataSource type="POOLED">
        <property name="driver" value="${driver}"/>
        <property name="url" value="${url}"/>
        <property name="username" value="${username}"/>
        <property name="password" value="${password}"/>
      </dataSource>
    </environment>
  </environments>

  <mappers>
    <package name="com.daphnis.mybatis.mapper"/>
  </mappers>
</configuration>