<?xml version="1.0" encoding="UTF-8"?>
<!DOCTYPE mapper PUBLIC "-//mybatis.org//DTD Mapper 3.0//EN"
  "http://mybatis.org/dtd/mybatis-3-mapper.dtd">

<mapper namespace="com.daphnis.mybatis.mapper.AlarmInfoMapper">

  <select id="selectSomeAlarmInfo" resultType="AlarmInfo">
    SELECT B.MSG_SERIAL,A.CLEARED,A.CLEAR_KEYWORD,A.TYPE,A."LEVEL",A.RAISE_TIME,A.CLEAR_TIME,
    A.NE_TYPE,A.CAUSE,A.PROBABLE_CAUSE,A.NE_ID,A.NE_NAME,A.SUB_NET_NAME,A.VENDOR_ID
    FROM ALARM_INFO A JOIN ALARM_STATUS B ON A.CLEAR_KEYWORD=B.CLEAR_KEYWORD
    WHERE A.RAISE_TIME>=#{startTime} AND A.RAISE_TIME &lt; #{endTime}
  </select>

  <select id="selectAlarmInfoByMsgSerial" resultType="AlarmInfo">
    SELECT B.MSG_SERIAL,A.CLEARED,A.CLEAR_KEYWORD,A.TYPE,A."LEVEL",A.RAISE_TIME,A.CLEAR_TIME,
    A.NE_TYPE,A.CAUSE,A.PROBABLE_CAUSE,A.NE_ID,A.NE_NAME,A.SUB_NET_NAME,A.VENDOR_ID
    FROM ALARM_INFO A JOIN ALARM_STATUS B ON A.CLEAR_KEYWORD=B.CLEAR_KEYWORD
    WHERE A.RAISE_TIME>=#{startTime} AND A.RAISE_TIME &lt; #{endTime} AND B.MSG_SERIAL>=#{msgSerial}
  </select>

  <update id="updateAlarmSendStatus" parameterType="java.util.List">
    UPDATE
    ALARM_STATUS
    SET
    SEND_STATUS=1
    WHERE CLEAR_KEYWORD IN
    <foreach collection="clearKeywords" index="index" item="item" separator="," open="(" close=")">
      #{item}
    </foreach>
  </update>

</mapper>
