<?xml version="1.0" encoding="UTF-8"?>
<!DOCTYPE mapper PUBLIC "-//mybatis.org//DTD Mapper 3.0//EN"
  "http://mybatis.org/dtd/mybatis-3-mapper.dtd">

<mapper namespace="com.daphnis.mybatis.mapper.AlarmInfoMapper">

  <select id="selectNewAlarmInfo" resultType="AlarmInfo">
    SELECT CLEARED,CLEAR_KEYWORD,"TYPE","LEVEL",RAISE_TIME,CLEAR_TIME,NE_TYPE,
    CAUSE,PROBABLE_CAUSE,NE_ID,NE_NAME,SUB_NET_NAME,VENDOR_ID,DDWZ,SHZ,FID
    FROM ALARM_INFO
    WHERE (RAISE_TIME>=#{startTime} AND RAISE_TIME &lt; #{endTime})
    OR (CLEAR_TIME>=#{startTime} AND CLEAR_TIME &lt; #{endTime})
  </select>

  <select id="selectSomeAlarmInfo" resultType="AlarmInfo">
    SELECT B.MSG_SERIAL,A.CLEARED,A.CLEAR_KEYWORD,A.TYPE,A."LEVEL",A.RAISE_TIME,A.CLEAR_TIME,
    A.NE_TYPE,A.CAUSE,A.PROBABLE_CAUSE,A.NE_ID,A.NE_NAME,A.SUB_NET_NAME,A.VENDOR_ID,A.DDWZ,A.SHZ,A.FID
    FROM ALARM_INFO A JOIN ALARM_STATUS B ON A.CLEAR_KEYWORD=B.CLEAR_KEYWORD AND A.CLEARED=B.CLEARED
    WHERE (A.RAISE_TIME>=#{startTime} AND A.RAISE_TIME &lt; #{endTime})
    OR (A.CLEAR_TIME>=#{startTime} AND A.CLEAR_TIME &lt; #{endTime})
  </select>

  <select id="selectAlarmInfoByMsgSerial" resultType="AlarmInfo">
    SELECT B.MSG_SERIAL,A.CLEARED,A.CLEAR_KEYWORD,A.TYPE,A."LEVEL",A.RAISE_TIME,A.CLEAR_TIME,
    A.NE_TYPE,A.CAUSE,A.PROBABLE_CAUSE,A.NE_ID,A.NE_NAME,A.SUB_NET_NAME,A.VENDOR_ID,A.DDWZ,A.SHZ,A.FID
    FROM ALARM_INFO A JOIN ALARM_STATUS B ON A.CLEAR_KEYWORD=B.CLEAR_KEYWORD
    WHERE A.RAISE_TIME>=#{startTime} AND A.RAISE_TIME &lt; #{endTime} AND B.MSG_SERIAL>=#{msgSerial}
  </select>

  <select id="selectAlarmInfoByNeName" resultType="AlarmInfo">
    SELECT B.MSG_SERIAL,A.CLEARED,A.CLEAR_KEYWORD,A.TYPE,A."LEVEL",A.RAISE_TIME,A.CLEAR_TIME,
    A.NE_TYPE,A.CAUSE,A.PROBABLE_CAUSE,A.NE_ID,A.NE_NAME,A.SUB_NET_NAME,A.VENDOR_ID,A.DDWZ,A.SHZ,A.FID
    FROM ALARM_INFO A JOIN ALARM_STATUS B ON A.CLEAR_KEYWORD=B.CLEAR_KEYWORD
    WHERE A.RAISE_TIME>=#{startTime} AND A.RAISE_TIME &lt; #{endTime}
    <if test="neName != null">
      AND A.NE_NAME=#{neName}
    </if>
  </select>

  <select id="countAlarmInfoDay" resultType="integer">
    SELECT COUNT(1) FROM ALARM_STATUS WHERE MSG_SERIAL LIKE #{currentDatePre}
  </select>

  <insert id="insertOneAlarmStatus" parameterType="com.daphnis.mybatis.entity.AlarmStatus">
    INSERT INTO ALARM_STATUS
    VALUES(#{msgSerial},#{cleared},#{clearKeyword},#{sendStatus})
  </insert>

  <update id="updateAlarmSendStatus" parameterType="java.util.List">
    UPDATE
    ALARM_STATUS
    SET
    SEND_STATUS=1
    WHERE CLEAR_KEYWORD IN
    <foreach collection="clearKeywords" index="index" item="item" separator="," open="(" close=")">
      #{item}
    </foreach>
  </update>

  <insert id="insertOneAlarmClient" parameterType="com.daphnis.mybatis.entity.AlarmClient">
    INSERT INTO ALARM_CLIENT
    VALUES(#{msgSerial},#{clientAddress},#{cleared},#{sendTime})
  </insert>

</mapper>
