<?xml version="1.0" encoding="UTF-8"?>
<!DOCTYPE mapper PUBLIC "-//mybatis.org//DTD Mapper 3.0//EN"
  "http://mybatis.org/dtd/mybatis-3-mapper.dtd">

<mapper namespace="com.daphnis.mybatis.mapper.ClientInfoMapper">

  <sql id="tableName">
    CLIENT_INFO
  </sql>

  <select id="selectOneClientInfo" resultType="ClientInfo">
    SELECT
    CLIENT_ADDRESS,USER_ID,LOGIN_TIME,LOGOUT_TIME
    FROM
    <include refid="tableName"/>
    WHERE CLIENT_ADDRESS=#{clientAddress}
  </select>

  <insert id="insertOneClientInfo" parameterType="com.daphnis.mybatis.entity.ClientInfo">
    INSERT INTO
    <include refid="tableName"/>
    VALUES (#{clientAddress},#{loginTime},#{logoutTime},#{userId})
  </insert>

  <update id="updateClientLogin" parameterType="com.daphnis.mybatis.entity.ClientInfo">
    UPDATE
    <include refid="tableName"/>
    SET
    LOGIN_TIME=#{loginTime}
    WHERE CLIENT_ADDRESS=#{clientAddress} AND USER_ID=#{userId}
  </update>

  <update id="updateClientLogout" parameterType="com.daphnis.mybatis.entity.ClientInfo">
    UPDATE
    <include refid="tableName"/>
    SET
    LOGOUT_TIME=#{logoutTime}
    WHERE CLIENT_ADDRESS=#{clientAddress} AND USER_ID=#{userId}
  </update>
</mapper>
