<?xml version="1.0" encoding="UTF-8"?>
<!DOCTYPE mapper PUBLIC "-//mybatis.org//DTD Mapper 3.0//EN"
  "http://mybatis.org/dtd/mybatis-3-mapper.dtd">

<mapper namespace="com.daphnis.mybatis.mapper.ClientInfoMapper">

  <sql id="tableName">
    CLIENT_INFO
  </sql>

  <select id="selectOneClientInfo" resultType="ClientInfo">
    SELECT
    CLIENT_ADDRESS,LAST_LOGIN_TIME
    FROM
    <include refid="tableName"/>
    WHERE CLIENT_ADDRESS=#{clientAddress}
  </select>

  <insert id="insertOneClientInfo" parameterType="com.daphnis.mybatis.entity.ClientInfo">
    INSERT INTO
    <include refid="tableName"/>
    VALUES (#{clientAddress},#{lastLoginTime})
  </insert>

  <update id="updateClientInfo" parameterType="com.daphnis.mybatis.entity.ClientInfo">
    UPDATE
    <include refid="tableName"/>
    SET
    LAST_LOGIN_TIME=#{lastLoginTime}
    WHERE CLIENT_ADDRESS=#{clientAddress}
  </update>

</mapper>
